ID,NAME,PARENT_ID,LOGIN,COL_1044,COL_1045,COL_1157,COL_1239,COL_4488,COL_4489,COL_4764,COL_4923,COL_20060,COL_20061,COL_20062,COL_20063
3682661,Ремонт кровельного покрытия дома,26352880,migration,,,Крыши,4.80.3,,,1,2015,0,0,,
3682664,Ремонт мусоропроводов,26352883,migration,,,Мусоропровод,5.240.9,,,1,2015,0,0,,
3682666,"Ремонт электрооборудования (эл. щитков, замена АВР (аварийное включение резерва) и др. работы)",26352883,migration,,,Электричество,5.24.16,,,1,2015,0,0,,
3682669,Снятие показаний общедомового прибора учета (если входит в состав общедомового имущества),26352866,migration,,,Счетчики,13.40.2,,,1,2015,0,0,,
3682671,Техническая инвентаризация,26352866,migration,,,Техническое обслуживание,13.40.1,,,1,2015,0,0,,
3682674,Техническое обслуживание светильников дежурного освещения,26352883,migration,,,Техническое обслуживание,5.24.17,,,1,2015,0,0,,
3682676,Техническое обслуживание систем дистанционного снятия показаний индивидуальных приборов учета (водопотребления и электроэнергии),26352866,migration,,,Техническое обслуживание,13.40.3,,,1,2015,0,0,,
3682678,Уборка  мусороприемных камер,26352860,migration,,,Мусоропровод,1.230.1,,,1,2015,0,0,,
3682680,Уборка загрузочных клапанов  мусоропроводов,26352883,migration,,,Мусоропровод,5.240.3,,,1,2015,0,0,,
3682683,Удаление мусора из  мусороприемных камер,26352869,migration,,,Мусоропровод,2.20.1,,,1,2015,0,0,,
3682686,Устранение засора,26352883,migration,,,Мусоропровод,5.240.8,,,1,2015,0,0,,
3682725,Дезинсекция,26352865,migration,,3588894,Санитарное обслуживание,13.2,,,1,2015,0,0,,
3682756,Вывоз и обезвреживание крупногабаритного мусора,26352870,migration,,2048731,Мусор,3.1,,,1,2015,0,0,,
3682770,Замеры сопротивления,26352881,migration,,3588894,Электричество,5.14,,,1,2015,0,0,,
3682781,Проверка изоляции проводов,26352881,migration,,3588894,Электричество,5.13,,,1,2015,0,0,,
3682802,"Проверка наличия тяги в дымоходах, вентиляционных каналах",26352886,migration,,3588898,Электричество,8.1,,,1,2015,0,0,,
3682806,"Замена и восстановление работоспособности внутридомового газового оборудования (газопровода), находящегося в составе общего имущества дома",26352887,migration,,3588894,Электричество,9.2,,,1,2015,0,0,,
3682833,"Расход электроэнергии, потребленной на дежурное освещение мест общего пользования и работу лифтов (общедомовые нужды)",26352862,migration,,,Электричество,11.1,,,1,2015,0,0,,
3589986,Замена элементов наружного водостока,26352876,migration,Осмотр 1 раз в год. По итогам осмотра работы включаются в план текущего ремонта,3588900,Крыши,4.40.3,,,1,2015,0,0,,
3589994,Ремонт освещения,26352876,migration,Осмотр 1 раз в год. По итогам осмотра работы включаются в план текущего ремонта,3588898,Крыши,4.40.6,,,1,2015,0,0,,
3589996,"Усиление элементов деревянной стропильной системы,",26352876,migration,Осмотр 2 раз в год. По итогам осмотра работы включаются в план текущего ремонта,3588894,Крыши,4.40.1,,,1,2015,0,0,,
3590001,Восстановление конструкций над балконами верхних этажей,26352878,migration,Осмотр 1 раз в год. По итогам осмотра работы включаются в план текущего ремонта,3588894,"Лестницы, пандусы, крыльцо",4.6.10,,,1,2015,0,0,,
3590008,Восстановление лестничных клеток,26352878,migration,Осмотр 1 раз в год. По итогам осмотра работы включаются в план текущего ремонта,3588894,"Лестницы, пандусы, крыльцо",4.6.12,,,1,2015,0,0,,
3590016,Замена козырьков над входами в подъезды,26352878,migration,Осмотр 1 раз в год. По итогам осмотра работы включаются в план текущего ремонта,3588894,"Лестницы, пандусы, крыльцо",4.60.8,,,1,2015,0,0,,
3590023,Замена лестницы,26352878,migration,Осмотр 1 раз в год. По итогам осмотра работы включаются в план текущего ремонта,3588894,"Лестницы, пандусы, крыльцо",4.60.2,,,1,2015,0,0,,
3590026,Замена лестничных клеток,26352878,migration,Осмотр 1 раз в год. По итогам осмотра работы включаются в план текущего ремонта,3588894,"Лестницы, пандусы, крыльцо",4.6.13,,,1,2015,0,0,,
3590035,Прочистка водоприемной воронки внутреннего металлического водостока от засорения,26352858,migration,В течение 5 суток после обнаружения,3588898,Водосток,1.190.2,,,1,2015,0,0,,
3590043,Заделка швов и трещин,26352875,migration,Осмотр 1 раз в год. По итогам осмотра работы включаются в план текущего ремонта,3588894,Перекрытия,4.30.2,,,1,2015,0,0,,
3589973,Устранение аварии,26352861,migration,Незамедлительное реагирование с момента получения заявки,3588894,Авария,10.1,,,1,2015,0,0,,
3589976,Антисептирование и антиперирование,26352876,migration,Осмотр 2 раз в год. По итогам осмотра работы включаются в план текущего ремонта,2048730,Крыши,4.40.2,,,1,2015,0,0,,
3589979,Восстановление гидроизоляции кровли,26352876,migration,Осмотр 1 раз в год. По итогам осмотра работы включаются в план текущего ремонта,3588894,Крыши,4.40.9,,,1,2015,0,0,,
3589981,Восстановление переходов через трубопроводы,26352876,migration,Осмотр 1 раз в год. По итогам осмотра работы включаются в план текущего ремонта,3588894,Крыши,4.40.7,,,1,2015,0,0,,
3589983,Замена элементов внутреннего водостока,26352876,migration,Устранение по мере обнаружения дефектов,3588898,Крыши,4.40.4,,,1,2015,0,0,,
3589989,Замена элементов парапетных решеток,26352876,migration,Устранение по мере обнаружения дефектов,3588898,Крыши,4.40.5,,,1,2015,0,0,,
3589991,Ремонт вентиляции,26352876,migration,Устранение по мере обнаружения дефектов,3588894,Крыши,4.40.8,,,1,2015,0,0,,
3590003,Восстановление крыльца,26352878,migration,Осмотр 1 раз в год. По итогам осмотра работы включаются в план текущего ремонта,3588894,"Лестницы, пандусы, крыльцо",4.60.5,,,1,2015,0,0,,
3590021,Замена крыльца,26352878,migration,Осмотр 1 раз в год. По итогам осмотра работы включаются в план текущего ремонта,3588894,"Лестницы, пандусы, крыльцо",4.60.6,,,1,2015,0,0,,
3590033,Прочистка внутреннего металлического водостока от засорения,26352858,migration,В течение 5 суток после обнаружения,3588900,Водосток,1.190.1,,,1,2015,0,0,,
3590037,Сбивание сосулек,26352859,migration,В течение 1 суток после обнаружения,2048730,Крыши,1.200.2,,,1,2015,0,0,,
3590040,Сбрасывание снега с крыш,26352859,migration,В течение 3 часов после снегопада,2048730,Крыши,1.200.1,,,1,2015,0,0,,
3590048,Частичная смена отдельных элементов,26352875,migration,Осмотр 1 раз в год. По итогам осмотра работы включаются в план текущего ремонта,2048730,Перекрытия,4.30.1,,,1,2015,0,0,,
3590050,Дератизация,26352865,migration,1 раз(а) в год,3588894,Дезинсекция,13.1,,,1,2015,0,0,,
3590060,Влажное подметание лестничных площадок и маршей нижних 2 этажей,26352857,migration,1 раз(а) в день,2048730,Санитарное обслуживание,1.1,,,1,2015,0,0,,
3590067,Мытье дверей,26352857,migration,1 раз(а) в год,3588898,Санитарное обслуживание,1.1,,,1,2015,0,0,,
3590079,Мытье плафонов на лестничных клетках,26352857,migration,1 раз(а) в год,3588898,Санитарное обслуживание,1.9,,,1,2015,0,0,,
3590088,Мытье слаботочных устройств,26352857,migration,1 раз(а) в год,3588898,Санитарное обслуживание,1.16,,,1,2015,0,0,,
3590104,Вывоз и обезвреживание твердых бытовых отходов,26352868,migration,1 раз(а) в день,2048731,Мусор,2.1,,,1,2015,0,0,,
3590111,Замена и восстановление работоспособности внутридомового электрооборудования (за исключением внутриквартирных устройств и приборов),26352881,migration,В ходе подготовки к эксплуатации дома в осенне-зимний период,3588894,Электричество,5.22,,,1,2015,0,0,,
3590118,"Замена и восстановление работоспособности отдельных элементов системы холодного водоснабжения, при необходимости отключение и включение стояков",26352881,migration,В ходе подготовки к эксплуатации дома в осенне-зимний период,3588894,Электричество,5.19,,,1,2015,0,0,,
3590121,"Замена и восстановление центрального отопления с выполнением наладочных регулировочных работ, ликвидацией непрогревов и неисправностей в квартирах",26352881,migration,В ходе подготовки к эксплуатации дома в осенне-зимний период,3588894,Электричество,5.18,,,1,2015,0,0,,
3590045,Укрепление и окраска,26352875,migration,Осмотр 1 раз в год. По итогам осмотра работы включаются в план текущего ремонта,3588894,Перекрытия,4.30.3,,,1,2015,0,0,,
3590053,"Ремонт почтовых ящиков, крепления",26352865,migration,В течении 1 суток с момента получения заявки,3588898,Почтовые ящики,13.3,,,1,2015,0,0,,
3590077,Мытье отопительных приборов,26352857,migration,2 раз(а) в год,3588898,Электричество,1.15,,,1,2015,0,0,,
3682799,Замена и восстановление работоспособности отдельных общедомовых элементов,26352886,migration,,3588894,Газ,8.3,,,1,2015,0,0,,
3682804,Регулировка и наладка систем вентиляции,26352886,migration,,3588894,Газ,8.2,,,1,2015,0,0,,
3682813,Осмотр пожарной сигнализации и средств тушения в домах,26352885,migration,,3588894,Вентилляция,7.1,,,1,2015,0,0,,
3682821,Полив газонов,26352867,migration,,2048730,Благоустройство двора,14.5,,,1,2015,0,0,,
3682826,Стрижка газонов,26352867,migration,,2048730,Благоустройство двора,14.6,,,1,2015,0,0,,
3682829,Уборка мусора на контейнерных площадках,26352867,migration,,3588894,Благоустройство двора,14.4,,,1,2015,0,0,,
3590006,Восстановление лестницы,26352878,migration,Осмотр 1 раз в год. По итогам осмотра работы включаются в план текущего ремонта,3588894,"Лестницы, пандусы, крыльцо",4.60.1,,,1,2015,0,0,,
3590010,Восстановление пандуса,26352878,migration,Осмотр 1 раз в год. По итогам осмотра работы включаются в план текущего ремонта,3588898,"Лестницы, пандусы, крыльцо",4.60.3,,,1,2015,0,0,,
3590018,Замена конструкций над балконами верхних этажей,26352878,migration,Осмотр 1 раз в год. По итогам осмотра работы включаются в план текущего ремонта,3588894,"Лестницы, пандусы, крыльцо",4.6.11,,,1,2015,0,0,,
3590030,Ремонт технических и вспомогательных помещений,26352878,migration,Осмотр 1 раз в год. По итогам осмотра работы включаются в план текущего ремонта,3588894,"Лестницы, пандусы, крыльцо",4.6.14,,,1,2015,0,0,,
3590063,Влажное подметание перед загрузочными клапанами мусоропроводов,26352857,migration,1 раз(а) в неделю,2048730,Санитарное обслуживание,1.3,,,1,2015,0,0,,
3590114,"Замена и восстановление работоспособности отдельных элементов системы горячего водоснабжения, при необходимости отключение и включение стояков",26352881,migration,В ходе подготовки к эксплуатации дома в осенне-зимний период,3588894,Водоснабжение,5.2,,,1,2015,0,0,,
3590134,"Проведение технических осмотров систем водопровода и канализации, центрального отопления и горячего водоснабжения, электротехнических устройств, вентиляционных каналов",26352881,migration,В ходе подготовки к эксплуатации дома в осенне-зимний период,3588894,Водоснабжение,5.7,,,1,2015,0,0,,
3590177,"Очистка и ремонт детских и спортивных площадок, элементов благоустройства",26352867,migration,В ходе подготовки к эксплуатации дома в весенне-летний период,3588894,Благоустройство двора,14.8,,,1,2015,0,0,,
3590202,Утепление трубопроводов в подвальных помещениях,26352879,migration,В ходе подготовки к эксплуатации дома в осенне-зимний период,3588900,"Чердаки, подвалы",4.70.3,,,1,2015,0,0,,
3590084,Мытье пола кабины лифта,26352857,migration,1 раз(а) в день,2048730,Лифт,1.5,,,1,2015,0,0,,
3590091,Мытье чердачных лестниц,26352857,migration,1 раз(а) в год,2048730,"Лестницы, пандусы, крыльцо",1.13,,,1,2015,0,0,,
3590101,Уборка чердачного помещения,26352857,migration,1 раз(а) в год,2048730,"Чердаки, подвалы",1.21,,,1,2015,0,0,,
3590106,"Восстановление работоспособности вентиляционных и промывочных устройств, мусороприемных клапанов и шиберных устройств",26352881,migration,В ходе подготовки к эксплуатации дома в осенне-зимний период,3588894,Вентилляция,5.23,,,1,2015,0,0,,
3590124,Замена окон в помещениях общего пользования,26352877,migration,Устранение по мере обнаружения дефектов,3588898,Окна,4.50.4,,,1,2015,0,0,,
3590127,Консервация системы центрального отопления,26352881,migration,В ходе подготовки к эксплуатации дома в осенне-зимний период,3588894,Отопление,5.2,,,1,2015,0,0,,
3590161,Утепление дымовентиляционных каналов,26352881,migration,В ходе подготовки к эксплуатации дома в осенне-зимний период,3588900,Вентилляция,5.4,,,1,2015,0,0,,
3590169,Обслуживание систем дымоудаления и противопожарной безопасности,26352885,migration,1 раз(а) в месяц,3588894,Вентилляция,7.2,,,1,2015,0,0,,
3590187,Сдвижка и подметание снега,26352867,migration,В течение 3 часов после снегопада,2048730,Снег,14.9,,,1,2015,0,0,,
3590192,Укрепление водосточных труб,26352882,migration,Устранение по мере обнаружения дефектов,3588900,Водосток,5.10.1,,,1,2015,0,0,,
3590197,Укрепление колен,26352882,migration,Устранение по мере обнаружения дефектов,3588898,Водосток,5.10.2,,,1,2015,0,0,,
3590205,Утепление трубопроводов в чердачных помещениях,26352879,migration,В ходе подготовки к эксплуатации дома в осенне-зимний период,3588900,"Чердаки, подвалы",4.70.2,,,1,2015,0,0,,
3590209,Восстановление гидроизоляции стен,26352874,migration,Осмотр 1 раз в год. По итогам осмотра работы включаются в план текущего ремонта,2048730,Стены и фасад,4.2.10,,,1,2015,0,0,,
3590214,Герметизация межпанельных стыков,26352874,migration,Осмотр 1 раз в год. По итогам осмотра работы включаются в план текущего ремонта,3588900,Стены и фасад,4.20.1,,,1,2015,0,0,,
3590222,Замена уличных указателей,26352874,migration,Осмотр 1 раз в год. По итогам осмотра работы включаются в план текущего ремонта,2048730,Стены и фасад,4.20.8,,,1,2015,0,0,,
3590223,"Окраска, промывка фасадов",26352874,migration,Осмотр 1 раз в год. По итогам осмотра работы включаются в план текущего ремонта,2048730,Стены и фасад,4.20.5,,,1,2015,0,0,,
3590229,Ремонт фасадов,26352874,migration,Осмотр 1 раз в год. По итогам осмотра работы включаются в план текущего ремонта,2048730,Стены и фасад,4.20.3,,,1,2015,0,0,,
3590231,Ремонт цоколей,26352874,migration,Устранение по мере обнаружения дефектов,3588898,Стены и фасад,4.20.4,,,1,2015,0,0,,
3590240,"Устранение местных деформаций, усиление, восстановление поврежденных участков фундаментов",26352873,migration,Осмотр 1 раз в год. По итогам осмотра работы включаются в план текущего ремонта,3588894,Фундамент,4.1.1.1,,,1,2015,0,0,,
3590098,Уборка подвального помещения,26352857,migration,1 раз(а) в год,2048730,Уборка,1.22,,,1,2015,0,0,,
3682778,Проверка заземления оболочки электрокабеля,26352881,migration,,3588894,Электричество,5.12,,,1,2015,0,0,,
3682785,Прочистка канализационного лежака,26352881,migration,,3588900,Канализация,5.1,,,1,2015,0,0,,
3590148,"Ремонт коллективных приборов учета ресурсов: ГВС, ХВС, отопления, электроснабжения",26352881,migration,В ходе подготовки к эксплуатации дома в осенне-зимний период,3588898,Водоснабжение,5.16,,,1,2015,0,0,,
3590154,Ремонт окон в помещениях общего пользования,26352877,migration,Устранение по мере обнаружения дефектов,3588898,Окна,4.50.3,,,1,2015,0,0,,
3590156,"Ремонт, регулировка, промывка и опрессовка систем центрального отопления, утепление бойлеров",26352881,migration,В ходе подготовки к эксплуатации дома в осенне-зимний период,3588894,Отопление,5.3,,,1,2015,0,0,,
3590164,"Проверка внутренней системы газоснабжения, замена и восстановление работоспособности внутридомового газового оборудования (газопровода), находящегося в составе общего имущества дома",26352887,migration,1 раз(а) в год,3588894,Газ,9.1,,,1,2015,0,0,,
3590172,Обслуживание лифтов и лифтового оборудования,26352884,migration,Круглосуточно,3588898,Лифт,6.1,,,1,2015,0,0,,
3590182,Подрезка деревьев и кустов,26352867,migration,1 раз(а) в год,3588898,Благоустройство двора,14.7,,,1,2015,0,0,,
3590194,Укрепление воронок,26352882,migration,Устранение по мере обнаружения дефектов,3588898,Водосток,5.10.3,,,1,2015,0,0,,
3590199,Изготовление новых или ремонт существующих ходовых досок и переходных мостиков на чердаках,26352879,migration,Устранение по мере обнаружения дефектов,3588898,"Чердаки, подвалы",4.70.4,,,1,2015,0,0,,
3590206,Утепление чердачных перекрытий,26352879,migration,В ходе подготовки к эксплуатации дома в осенне-зимний период,2048730,"Чердаки, подвалы",4.70.1,,,1,2015,0,0,,
3590216,Заделка и восстановление архитектурных элементов,26352874,migration,Осмотр 1 раз в год. По итогам осмотра работы включаются в план текущего ремонта,3588894,Стены и фасад,4.20.2,,,1,2015,0,0,,
3590226,"Окраска, промывка цоколей",26352874,migration,Осмотр 1 раз в год. По итогам осмотра работы включаются в план текущего ремонта,3588900,Стены и фасад,4.20.6,,,1,2015,0,0,,
3590238,"Устранение местных деформаций, усиление, восстановление поврежденных участков отмосток",26352873,migration,Осмотр 1 раз в год. По итогам осмотра работы включаются в план текущего ремонта,3588894,Стены и фасад,4.1.1.3,,,1,2015,0,0,,
3682611,Видеодиагностика внутренней поверхности асбестоцементных стволов мусоропровода,26352883,migration,,,Мусоропровод,5.240.2,,,1,2015,0,0,,
3682615,"Влажная протирка стен, дверей, плафонов и потолка кабины лифта",26352860,migration,,,Уборка,1.230.2,,,1,2015,0,0,,
3682618,Водоотведение воды потребленной на общедомовые нужды,26352864,migration,,,Водосток,12.20.3,,,1,2015,0,0,,
3682621,Гидропневматическая очистка системы отопления,26352883,migration,,,Отопление,5.24.10,,,1,2015,0,0,,
3682622,Дезинфекция мусоросборников,26352883,migration,,,Мусоропровод,5.240.7,,,1,2015,0,0,,
3682625,Мойка нижней части ствола и шибера  мусоропровода,26352883,migration,,,Мусоропровод,5.240.5,,,1,2015,0,0,,
3682627,Мойка сменных  мусоросборников,26352883,migration,,,Мусоропровод,5.240.4,,,1,2015,0,0,,
3682629,Мытье лестничных площадок выше 2-го этажа,113207398,migration,,,Уборка,1.60.2,,,1,2015,0,0,,
3682632,Мытье лестничных площадок нижних 2 этажей,113207398,migration,,,Уборка,1.60.1,,,1,2015,0,0,,
3682634,Обслуживание и ремонт АСКУЭ,26352883,migration,,,Водоснабжение,5.24.12,,,1,2015,0,0,,
3682637,Обслуживание и ремонт АУУТЭ,26352883,migration,,,Водоснабжение,5.24.11,,,1,2015,0,0,,
3682638,Обслуживание и ремонт крышных газовых котельных,26352883,migration,,,Газ,5.24.15,,,1,2015,0,0,,
3682641,Обслуживание и ремонт насосных пунктов,26352883,migration,,,Водоснабжение,5.24.13,,,1,2015,0,0,,
3682644,Обслуживание и ремонт тепловых пунктов,26352883,migration,,,Отопление,5.24.14,,,1,2015,0,0,,
3682645,Очистка и дезинфекция всех элементов ствола мусоропровода,26352883,migration,,,Мусоропровод,5.240.6,,,1,2015,0,0,,
3682648,Профилактический осмотр  мусоропроводов,26352883,migration,,,Мусоропровод,5.240.1,,,1,2015,0,0,,
3682650,Расход горячей воды потребленной на общедомовые нужды,26352864,migration,,,Водоснабжение,12.20.2,,,1,2015,0,0,,
3682652,Расход холодной воды потребленной на общедомовые нужды,26352864,migration,,,Водоснабжение,12.20.1,,,1,2015,0,0,,
3682654,Ремонт внутренних стен подъездов,26352880,migration,,,Стены и фасад,4.80.1,,,1,2015,0,0,,
3682656,Ремонт или замена входных дверей в подъезды,26352880,migration,,,Двери,4.80.2,,,1,2015,0,0,,
3590131,"Поверка коллективных приборов учета ресурсов: ГВС, ХВС, отопления, электроснабжения",26352881,migration,В ходе подготовки к эксплуатации дома в осенне-зимний период,3588898,Счетчики,5.15,,,1,2015,0,0,,
3590144,Ремонт дверей в помещениях общего пользования,26352877,migration,Устранение по мере обнаружения дефектов,3588898,Двери,4.50.1,,,1,2015,0,0,,
3590233,"Устранение местных деформаций, усиление, восстановление поврежденных участков вентиляционных продухов",26352873,migration,Осмотр 1 раз в год. По итогам осмотра работы включаются в план текущего ремонта,3588894,Вентилляция,4.1.1.2,,,1,2015,0,0,,
3589970,Выполнение заявок населения,26352861,migration,Незамедлительное реагирование с момента получения заявки,3588894,Авария,10.2,,,1,2015,0,0,,
3589999,Восстановление козырьков над входами в подъезды,26352878,migration,Осмотр 1 раз в год. По итогам осмотра работы включаются в план текущего ремонта,3588894,"Лестницы, пандусы, крыльцо",4.60.7,,,1,2015,0,0,,
3590013,Восстановление подвалов,26352878,migration,Осмотр 1 раз в год. По итогам осмотра работы включаются в план текущего ремонта,3588894,"Лестницы, пандусы, крыльцо",4.60.9,,,1,2015,0,0,,
3590027,Замена пандуса,26352878,migration,Осмотр 1 раз в год. По итогам осмотра работы включаются в план текущего ремонта,3588898,"Лестницы, пандусы, крыльцо",4.60.4,,,1,2015,0,0,,
3590054,Влажная протирка стен,26352857,migration,1 раз(а) в год,3588898,Санитарное обслуживание,1.8,,,1,2015,0,0,,
3590057,Влажное подметание лестничных площадок и маршей выше 2-го этажа,26352857,migration,1 раз(а) в неделю,2048730,Санитарное обслуживание,1.2,,,1,2015,0,0,,
3590064,Мытье  закрывающих устройств мусоропровода,26352857,migration,1 раз(а) в неделю,3588898,Санитарное обслуживание,1.4,,,1,2015,0,0,,
3590070,Мытье лестничных площадок,26352857,migration,1 раз(а) в месяц,2048730,Санитарное обслуживание,1.6,,,1,2015,0,0,,
3590072,Мытье окон,26352857,migration,1 раз(а) в год,3588898,Санитарное обслуживание,1.7,,,1,2015,0,0,,
3590074,Мытье оконных решеток,26352857,migration,1 раз(а) в год,3588898,Санитарное обслуживание,1.12,,,1,2015,0,0,,
3590081,Мытье подоконников,26352857,migration,2 раз(а) в год,3588898,Санитарное обслуживание,1.11,,,1,2015,0,0,,
3590087,Мытье почтовых ящиков,26352857,migration,1 раз(а) в год,3588898,Санитарное обслуживание,1.17,,,1,2015,0,0,,
3590094,Мытье шкафов для электросчетчиков,26352857,migration,1 раз(а) в год,3588898,Санитарное обслуживание,1.14,,,1,2015,0,0,,
3590097,"Очистка кровли от мусора, грязи и листьев",26352857,migration,2 раз(а) в год,2048730,Санитарное обслуживание,1.18,,,1,2015,0,0,,
3590108,Замена дверей в помещениях общего пользования,26352877,migration,Устранение по мере обнаружения дефектов,3588898,Двери,4.50.2,,,1,2015,0,0,,
3590117,"Замена и восстановление работоспособности отдельных элементов системы канализации, в том числе ликвидация засоров, за исключением внутриквартирного сантехоборудования",26352881,migration,В ходе подготовки к эксплуатации дома в осенне-зимний период,3588894,Канализация,5.21,,,1,2015,0,0,,
3590129,Обслуживание ламп-сигналов,26352881,migration,Круглосуточно,3588898,Свет,5.17,,,1,2015,0,0,,
3590137,Проверка исправности канализационных вытяжек,26352881,migration,Устранение по мере обнаружения дефектов,3588898,Канализация,5.9,,,1,2015,0,0,,
3590138,Прочистка дымовентиляционных каналов,26352881,migration,В ходе подготовки к эксплуатации дома в осенне-зимний период,3588900,Вентилляция,5.5,,,1,2015,0,0,,
3590141,Регулировка и наладка систем автоматики расширительных баков,26352881,migration,В ходе подготовки к эксплуатации дома в осенне-зимний период,3588898,Мусор,5.11,,,1,2015,0,0,,
3590146,Ремонт и утепление наружных водоразборных кранов,26352881,migration,В ходе подготовки к эксплуатации дома в осенне-зимний период,3588898,Водоснабжение,5.6,,,1,2015,0,0,,
3590151,"Ремонт неисправностей в системах водопровода и канализации, центрального отопления и горячего водоснабжения, электротехнических устройств, вентиляционных каналов",26352881,migration,В ходе подготовки к эксплуатации дома в осенне-зимний период,3588894,Водоснабжение,5.8,,,1,2015,0,0,,
3590159,Установка и текущий ремонт доводчиков,26352877,migration,Устранение по мере обнаружения дефектов,3588898,Двери,4.50.5,,,1,2015,0,0,,
3590167,"Замена и восстановление работоспособности элементов пожаротушения (трубопроводов, включая ввод и стояки пожарного водопровода)",26352885,migration,В течение 5 суток после обнаружения,3588894,Пожарная безопасность,7.3,,,1,2015,0,0,,
3590174,Ликвидация скользкости,26352867,migration,В течение 3 часов после обнаружения,2048730,Снег,14.1,,,1,2015,0,0,,
3590179,Подметание земельного участка в летний период,26352867,migration,1 раз(а) в день,2048730,Уборка улицы,14.1,,,1,2015,0,0,,
3590185,Полив тротуаров,26352867,migration,1 раз(а) в сутки при температуре воздуха более 25 градусов,2048730,Уборка улицы,14.2,,,1,2015,0,0,,
3590189,"Уборка мусора с газона, очистка урн",26352867,migration,1 раз(а) в день,2048730,Уборка улицы,14.3,,,1,2015,0,0,,
3590235,"Устранение местных деформаций, усиление, восстановление поврежденных участков входов в подвалы",26352873,migration,Осмотр 1 раз в год. По итогам осмотра работы включаются в план текущего ремонта,3588894,Стены и фасад,4.1.1.4,,,1,2015,0,0,,
3590219,Замена домовых знаков,26352874,migration,Осмотр 1 раз в год. По итогам осмотра работы включаются в план текущего ремонта,3588898,Стены и фасад,4.20.7,,,1,2015,0,0,,
3590212,Восстановление домовых знаков и уличных указателей,26352874,migration,Устранение по мере обнаружения дефектов,3588898,Стены и фасад,4.20.9,,,1,2015,0,0,,
121128193,"Ремонт кровельного покрытия  подъездн.  козырьков, ложных балконов ",121128185,migration,,,Крыши,5.80.4,,,0,2016,0,0,,
121128195,Ремонт кровельного покрытия дома ,121128185,migration,,,Крыши,5.80.3,,,0,2016,0,0,,
121128196,Ремонт мусоропроводов ,121128187,migration,,,Мусоропровод,6.240.9,,,0,2016,0,0,,
121128198,"Ремонт электрооборудования (эл. щитков, замена АВР (аварийное включение резерва) и др. работы) ",121128187,migration,,,Электричество,6.24.16,,,0,2016,0,0,,
121128199,Снятие показаний общедомового прибора учета (если входит в состав общедомового имущества) ,121128176,migration,,,Счетчики,14.40.2,,,0,2016,0,0,,
121128200,Техническая инвентаризация ,121128176,migration,,,Техническое обслуживание,14.40.1,,,0,2016,0,0,,
121128201,Техническое обслуживание светильников дежурного освещения ,121128187,migration,,,Свет,6.24.17,,,0,2016,0,0,,
121128203,Техническое обслуживание систем дистанционного снятия показаний индивидуальных приборов учета (водопотребления и электроэнергии) ,121128176,migration,,,Счетчики,14.40.3,,,0,2016,0,0,,
121128204,Уборка  мусороприемных камер ,121128174,migration,,,Мусор,2.230.1,,,0,2016,0,0,,
121128205,Уборка загрузочных клапанов  мусоропроводов ,121128187,migration,,,Мусоропровод,6.240.3,,,0,2016,0,0,,
121128206,Удаление мусора из  мусороприемных камер ,121128177,migration,,,Мусоропровод,3.20.1,,,0,2016,0,0,,
121128207,Устранение засора ,121128187,migration,,,Мусоропровод,6.240.8,,,0,2016,0,0,,
121128208,Дезинсекция ,121128148,migration,,3588894,Санитарное обслуживание,14.2,,,0,2016,0,0,,
121128209,Вывоз и обезвреживание крупногабаритного мусора ,121128147,migration,,2048731,Мусор,4.1,,,0,2016,0,0,,
121128210,Замеры сопротивления ,121128153,migration,,3588894,Счетчики,6.14,,,0,2016,0,0,,
121128211,Проверка изоляции проводов ,121128153,migration,,3588894,Электричество,6.13,,,0,2016,0,0,,
121128215,"Проверка наличия тяги в дымоходах, вентиляционных каналах ",121128157,migration,,3588898,Вентилляция,9.1,,,0,2016,0,0,,
121128216,"Замена и восстановление работоспособности внутридомового газового оборудования (газопровода), находящегося в составе общего имущества дома ",121128156,migration,,3588894,Газ,10.2,,,0,2016,0,0,,
121128217,"Расход электроэнергии, потребленной на дежурное освещение мест общего пользования и работу лифтов (общедомовые нужды) ",121128158,migration,,,Электричество,12.1,,,0,2016,0,0,,
121128218,Замена элементов наружного водостока ,121128181,migration,Осмотр 1 раз в год. По итогам осмотра работы включаются в план текущего ремонта,3588900,Крыши,5.40.3,3274964,1,0,2016,0,0,,
121128219,Ремонт освещения ,121128181,migration,Осмотр 1 раз в год. По итогам осмотра работы включаются в план текущего ремонта,3588898,Крыши,5.40.6,3274964,1,0,2016,0,0,,
121128220,"Усиление элементов деревянной стропильной системы, ",121128181,migration,Осмотр 2 раз в год. По итогам осмотра работы включаются в план текущего ремонта,3588894,Крыши,5.40.1,3274964,2,0,2016,0,0,,
121128221,Восстановление конструкций над балконами верхних этажей ,121128183,migration,Осмотр 1 раз в год. По итогам осмотра работы включаются в план текущего ремонта,3588894,"Лестницы, пандусы, крыльцо",5.6.10,3274964,1,0,2016,0,0,,
121128222,Восстановление лестничных клеток ,121128183,migration,Осмотр 1 раз в год. По итогам осмотра работы включаются в план текущего ремонта,3588894,"Лестницы, пандусы, крыльцо",5.6.12,3274964,1,0,2016,0,0,,
121128223,Замена козырьков над входами в подъезды ,121128183,migration,Осмотр 1 раз в год. По итогам осмотра работы включаются в план текущего ремонта,3588898,"Лестницы, пандусы, крыльцо",5.60.8,3274964,1,0,2016,0,0,,
121128224,Замена лестницы ,121128183,migration,Осмотр 1 раз в год. По итогам осмотра работы включаются в план текущего ремонта,3588894,"Лестницы, пандусы, крыльцо",5.60.2,3274964,1,0,2016,0,0,,
121128225,Замена лестничных клеток ,121128183,migration,Осмотр 1 раз в год. По итогам осмотра работы включаются в план текущего ремонта,3588894,"Лестницы, пандусы, крыльцо",5.6.13,3274964,1,0,2016,0,0,,
121128226,Прочистка водоприемной воронки внутреннего металлического водостока от засорения ,121128171,migration,В течение 5 суток после обнаружения,3588898,Водосток,2.190.2,3274950,5,0,2016,0,0,,
121128227,Заделка швов и трещин ,121128180,migration,Осмотр 1 раз в год. По итогам осмотра работы включаются в план текущего ремонта,3588894,Перекрытия,5.30.2,3274964,1,0,2016,0,0,,
121128253,Укрепление и окраска ,121128180,migration,Осмотр 1 раз в год. По итогам осмотра работы включаются в план текущего ремонта,3588894,Перекрытия,5.30.3,3274964,1,0,2016,0,0,,
121128254,"Ремонт почтовых ящиков, крепления ",121128148,migration,В течении 1 суток с момента получения заявки,3588898,Почтовые ящики,14.3,3274947,1,0,2016,0,0,,
121128255,Мытье отопительных приборов ,121128160,migration,2 раз(а) в год,3588898,Отопление,2.15,3274956,2,0,2016,0,0,,
121128256,Замена и восстановление работоспособности отдельных общедомовых элементов ,121128157,migration,,3588894,Вентилляция,9.3,,,0,2016,0,0,,
121128257,Регулировка и наладка систем вентиляции ,121128157,migration,,3588894,Вентилляция,9.2,,,0,2016,0,0,,
121128258,Осмотр пожарной сигнализации и средств тушения в домах ,121128151,migration,,3588894,Пожарная безопасность,8.1,,,0,2016,0,0,,
121128259,Полив газонов ,121128149,migration,,2048730,Благоустройство двора,15.5,,,0,2016,0,0,,
121128260,Стрижка газонов ,121128149,migration,,2048730,Благоустройство двора,15.6,,,0,2016,0,0,,
121128261,Уборка мусора на контейнерных площадках ,121128149,migration,,3588894,Благоустройство двора,15.4,,,0,2016,0,0,,
121128262,Восстановление лестницы ,121128183,migration,Осмотр 1 раз в год. По итогам осмотра работы включаются в план текущего ремонта,3588894,"Лестницы, пандусы, крыльцо",5.60.1,3274964,1,0,2016,0,0,,
121128263,Восстановление пандуса ,121128183,migration,Осмотр 1 раз в год. По итогам осмотра работы включаются в план текущего ремонта,3588898,"Лестницы, пандусы, крыльцо",5.60.3,3274964,1,0,2016,0,0,,
121128264,Замена конструкций над балконами верхних этажей ,121128183,migration,Осмотр 1 раз в год. По итогам осмотра работы включаются в план текущего ремонта,3588894,"Лестницы, пандусы, крыльцо",5.6.11,3274964,1,0,2016,0,0,,
121128265,Ремонт технических и вспомогательных помещений ,121128183,migration,Осмотр 1 раз в год. По итогам осмотра работы включаются в план текущего ремонта,3588894,"Лестницы, пандусы, крыльцо",5.6.14,3274964,1,0,2016,0,0,,
121128266,Влажное подметание перед загрузочными клапанами мусоропроводов ,121128160,migration,1 раз(а) в неделю,2048730,Санитарное обслуживание,2.3,3274970,1,0,2016,0,0,,
121128267,"Замена и восстановление работоспособности отдельных элементов системы горячего водоснабжения, при необходимости отключение и включение стояков ",121128153,migration,В ходе подготовки к эксплуатации дома в осенне-зимний период,3588894,Водоснабжение,6.2,3274961,0,0,2016,0,0,,
121128268,"Проведение технических осмотров систем водопровода и канализации, центрального отопления и горячего водоснабжения, электротехнических устройств, вентиляционных каналов ",121128153,migration,В ходе подготовки к эксплуатации дома в осенне-зимний период,3588894,Водоснабжение,6.7,3274961,0,0,2016,0,0,,
121128269,"Очистка и ремонт детских и спортивных площадок, элементов благоустройства ",121128149,migration,В ходе подготовки к эксплуатации дома в весенне-летний период,3588894,Благоустройство двора,15.8,3274963,0,0,2016,0,0,,
121128270,Утепление трубопроводов в подвальных помещениях ,121128184,migration,В ходе подготовки к эксплуатации дома в осенне-зимний период,3588900,"Чердаки, подвалы",5.70.3,3274961,0,0,2016,0,0,,
121128293,Прочистка канализационного лежака ,121128153,migration,,3588900,Канализация,6.1,,,0,2016,0,0,,
121128295,"Ремонт коллективных приборов учета ресурсов: ГВС, ХВС, отопления, электроснабжения ",121128153,migration,В ходе подготовки к эксплуатации дома в осенне-зимний период,3588898,Водоснабжение,6.16,3274961,0,0,2016,0,0,,
121128296,Ремонт окон в помещениях общего пользования ,121128182,migration,Устранение по мере обнаружения дефектов,3588898,Окна,5.50.3,3274966,0,0,2016,0,0,,
121128297,"Ремонт, регулировка, промывка и опрессовка систем центрального отопления, утепление бойлеров ",121128153,migration,В ходе подготовки к эксплуатации дома в осенне-зимний период,3588894,Отопление,6.3,3274961,0,0,2016,0,0,,
121128299,"Проверка внутренней системы газоснабжения, замена и восстановление работоспособности внутридомового газового оборудования (газопровода), находящегося в составе общего имущества дома ",121128156,migration,1 раз(а) в год,3588894,Газ,10.1,3274956,1,0,2016,0,0,,
121128300,Обслуживание лифтов и лифтового оборудования ,121128154,migration,Круглосуточно,3588898,Лифт,7.1,3274958,0,0,2016,0,0,,
121128301,Подрезка деревьев и кустов ,121128149,migration,1 раз(а) в год,3588898,Благоустройство двора,15.7,3274956,1,0,2016,0,0,,
121128303,Укрепление воронок ,121128186,migration,Устранение по мере обнаружения дефектов,3588898,Водоснабжение,6.10.3,3274966,0,0,2016,0,0,,
121128304,Изготовление новых или ремонт существующих ходовых досок и переходных мостиков на чердаках ,121128184,migration,Устранение по мере обнаружения дефектов,3588898,"Чердаки, подвалы",5.70.4,3274966,0,0,2016,0,0,,
121128305,Утепление чердачных перекрытий ,121128184,migration,В ходе подготовки к эксплуатации дома в осенне-зимний период,2048730,"Чердаки, подвалы",5.70.1,3274961,0,0,2016,0,0,,
121128307,Заделка и восстановление архитектурных элементов ,121128179,migration,Осмотр 1 раз в год. По итогам осмотра работы включаются в план текущего ремонта,3588894,Стены и фасад,5.20.2,3274964,1,0,2016,0,0,,
121128308,"Окраска, промывка цоколей ",121128179,migration,Осмотр 1 раз в год. По итогам осмотра работы включаются в план текущего ремонта,3588900,Стены и фасад,5.20.6,3274964,1,0,2016,0,0,,
121128310,"Устранение местных деформаций, усиление, восстановление поврежденных участков отмосток ",121128192,migration,Осмотр 1 раз в год. По итогам осмотра работы включаются в план текущего ремонта,3588894,Стены и фасад,5.1.1.3,3274964,1,0,2016,0,0,,
121128311,Видеодиагностика внутренней поверхности асбестоцементных стволов мусоропровода ,121128187,migration,,,Мусоропровод,6.240.2,,,0,2016,0,0,,
121128312,"Влажная протирка стен, дверей, плафонов и потолка кабины лифта ",121128174,migration,,,Уборка,2.230.2,,,0,2016,0,0,,
121128314,Водоотведение воды потребленной на общедомовые нужды ,121128175,migration,,,Канализация,13.20.3,,,0,2016,0,0,,
121128315,Гидропневматическая очистка системы отопления ,121128187,migration,,,Отопление,6.24.10,,,0,2016,0,0,,
121128316,Дезинфекция мусоросборников ,121128187,migration,,,Мусоропровод,6.240.7,,,0,2016,0,0,,
121128317,Мойка нижней части ствола и шибера  мусоропровода ,121128187,migration,,,Мусоропровод,6.240.5,,,0,2016,0,0,,
121128318,Мойка сменных  мусоросборников ,121128187,migration,,,Мусоропровод,6.240.4,,,0,2016,0,0,,
121128319,Мытье лестничных площадок выше 2-го этажа ,121128188,migration,,,Санитарное обслуживание,2.60.2,,,0,2016,0,0,,
121128320,Мытье лестничных площадок нижних 2 этажей ,121128188,migration,,,Санитарное обслуживание,2.60.1,,,0,2016,0,0,,
121128321,Обслуживание и ремонт АСКУЭ ,121128187,migration,,,Водоснабжение,6.24.12,,,0,2016,0,0,,
121128322,Обслуживание и ремонт АУУТЭ ,121128187,migration,,,Водоснабжение,6.24.11,,,0,2016,0,0,,
121128323,Обслуживание и ремонт крышных газовых котельных ,121128187,migration,,,Газ,6.24.15,,,0,2016,0,0,,
121128324,Обслуживание и ремонт насосных пунктов ,121128187,migration,,,Водоснабжение,6.24.13,,,0,2016,0,0,,
121128325,Обслуживание и ремонт тепловых пунктов ,121128187,migration,,,Отопление,6.24.14,,,0,2016,0,0,,
121128326,Очистка и дезинфекция всех элементов ствола мусоропровода ,121128187,migration,,,Мусоропровод,6.240.6,,,0,2016,0,0,,
121128327,Профилактический осмотр  мусоропроводов ,121128187,migration,,,Мусоропровод,6.240.1,,,0,2016,0,0,,
121128328,Расход горячей воды потребленной на общедомовые нужды ,121128175,migration,,,Водоснабжение,13.20.2,,,0,2016,0,0,,
121128329,Расход холодной воды потребленной на общедомовые нужды ,121128175,migration,,,Водоснабжение,13.20.1,,,0,2016,0,0,,
121128330,Ремонт внутренних стен подъездов ,121128185,migration,,,Стены и фасад,5.80.1,,,0,2016,0,0,,
121128331,Ремонт или замена входных дверей в подъезды ,121128185,migration,,,Двери,5.80.2,,,0,2016,0,0,,
121128332,"Поверка коллективных приборов учета ресурсов: ГВС, ХВС, отопления, электроснабжения ",121128153,migration,В ходе подготовки к эксплуатации дома в осенне-зимний период,3588898,Счетчики,6.15,3274961,0,0,2016,0,0,,
121128333,Ремонт дверей в помещениях общего пользования ,121128182,migration,Устранение по мере обнаружения дефектов,3588898,Двери,5.50.1,3274966,0,0,2016,0,0,,
121128334,"Устранение местных деформаций, усиление, восстановление поврежденных участков вентиляционных продухов ",121128192,migration,Осмотр 1 раз в год. По итогам осмотра работы включаются в план текущего ремонта,3588894,Вентилляция,5.1.1.2,3274964,1,0,2016,0,0,,
121128335,Выполнение заявок населения ,121128155,migration,Незамедлительное реагирование с момента получения заявки,3588894,Авария,11.2,3274944,,0,2016,0,0,,
121128336,Восстановление козырьков над входами в подъезды ,121128183,migration,Осмотр 1 раз в год. По итогам осмотра работы включаются в план текущего ремонта,3588894,"Лестницы, пандусы, крыльцо",5.60.7,3274964,1,0,2016,0,0,,
121128337,Восстановление подвалов ,121128183,migration,Осмотр 1 раз в год. По итогам осмотра работы включаются в план текущего ремонта,3588894,"Лестницы, пандусы, крыльцо",5.60.9,3274964,1,0,2016,0,0,,
121128338,Замена пандуса ,121128183,migration,Осмотр 1 раз в год. По итогам осмотра работы включаются в план текущего ремонта,3588898,"Лестницы, пандусы, крыльцо",5.60.4,3274964,1,0,2016,0,0,,
121128339,Влажная протирка стен ,121128160,migration,1 раз(а) в год,3588898,Санитарное обслуживание,2.8,3274956,1,0,2016,0,0,,
121128340,Влажное подметание лестничных площадок и маршей выше 2-го этажа ,121128160,migration,1 раз(а) в неделю,2048730,Санитарное обслуживание,2.2,3274970,1,0,2016,0,0,,
121128344,Мытье  закрывающих устройств мусоропровода ,121128160,migration,1 раз(а) в неделю,3588898,Санитарное обслуживание,2.4,3274970,1,0,2016,0,0,,
121128345,Мытье лестничных площадок ,121128160,migration,1 раз(а) в месяц,2048730,Санитарное обслуживание,2.6,3274953,1,0,2016,0,0,,
121128346,Мытье окон ,121128160,migration,1 раз(а) в год,3588898,Санитарное обслуживание,2.7,3274956,1,0,2016,0,0,,
121128347,Мытье оконных решеток ,121128160,migration,1 раз(а) в год,3588898,Санитарное обслуживание,2.12,3274956,1,0,2016,0,0,,
121128348,Мытье подоконников ,121128160,migration,2 раз(а) в год,3588898,Санитарное обслуживание,2.11,3274956,2,0,2016,0,0,,
121128349,Мытье почтовых ящиков ,121128160,migration,1 раз(а) в год,3588898,Санитарное обслуживание,2.17,3274956,1,0,2016,0,0,,
121128350,Мытье шкафов для электросчетчиков ,121128160,migration,1 раз(а) в год,3588898,Санитарное обслуживание,2.14,3274956,1,0,2016,0,0,,
121128271,Мытье пола кабины лифта ,121128160,migration,1 раз(а) в день,2048730,Санитарное обслуживание,2.5,3274956,1,0,2016,0,0,,
121128272,Мытье чердачных лестниц ,121128160,migration,1 раз(а) в год,2048730,Санитарное обслуживание,2.13,3274956,1,0,2016,0,0,,
121128273,Уборка чердачного помещения ,121128160,migration,1 раз(а) в год,2048730,Санитарное обслуживание,2.21,3274956,1,0,2016,0,0,,
121128274,"Восстановление работоспособности вентиляционных и промывочных устройств, мусороприемных клапанов и шиберных устройств ",121128153,migration,В ходе подготовки к эксплуатации дома в осенне-зимний период,3588894,Санитарное обслуживание,6.23,3274961,0,0,2016,0,0,,
121128275,Замена окон в помещениях общего пользования ,121128182,migration,Устранение по мере обнаружения дефектов,3588898,Окна,5.50.4,3274966,0,0,2016,0,0,,
121128276,Консервация системы центрального отопления ,121128153,migration,В ходе подготовки к эксплуатации дома в осенне-зимний период,3588894,Отопление,6.2,3274961,0,0,2016,0,0,,
121128277,Утепление дымовентиляционных каналов ,121128153,migration,В ходе подготовки к эксплуатации дома в осенне-зимний период,3588898,Вентилляция,6.4,3274961,0,0,2016,0,0,,
121128278,Обслуживание систем дымоудаления и противопожарной безопасности ,121128151,migration,1 раз(а) в месяц,3588894,Пожарная безопасность,8.2,3274953,1,0,2016,0,0,,
121128279,Сдвижка и подметание снега ,121128149,migration,В течение 3 часов после снегопада,2048730,Снег,15.9,3274972,3,0,2016,0,0,,
121128280,Укрепление водосточных труб ,121128186,migration,Устранение по мере обнаружения дефектов,3588900,Канализация,6.10.1,3274966,0,0,2016,0,0,,
121128281,Укрепление колен ,121128186,migration,Устранение по мере обнаружения дефектов,3588898,Канализация,6.10.2,3274966,0,0,2016,0,0,,
121128282,Утепление трубопроводов в чердачных помещениях ,121128184,migration,В ходе подготовки к эксплуатации дома в осенне-зимний период,3588900,"Чердаки, подвалы",5.70.2,3274961,0,0,2016,0,0,,
121128283,Восстановление гидроизоляции стен ,121128179,migration,Осмотр 1 раз в год. По итогам осмотра работы включаются в план текущего ремонта,2048730,Стены и фасад,5.2.10,3274964,1,0,2016,0,0,,
121128284,Герметизация межпанельных стыков ,121128179,migration,Осмотр 1 раз в год. По итогам осмотра работы включаются в план текущего ремонта,3588900,Стены и фасад,5.20.1,3274964,1,0,2016,0,0,,
121128285,Замена уличных указателей ,121128179,migration,Осмотр 1 раз в год. По итогам осмотра работы включаются в план текущего ремонта,2048730,Стены и фасад,5.20.8,3274964,1,0,2016,0,0,,
121128286,"Окраска, промывка фасадов ",121128179,migration,Осмотр 1 раз в год. По итогам осмотра работы включаются в план текущего ремонта,2048730,Стены и фасад,5.20.5,3274964,1,0,2016,0,0,,
121128287,Ремонт фасадов ,121128179,migration,Осмотр 1 раз в год. По итогам осмотра работы включаются в план текущего ремонта,2048730,Стены и фасад,5.20.3,3274964,1,0,2016,0,0,,
121128288,Ремонт цоколей ,121128179,migration,Устранение по мере обнаружения дефектов,3588898,Стены и фасад,5.20.4,3274966,0,0,2016,0,0,,
121128290,"Устранение местных деформаций, усиление, восстановление поврежденных участков фундаментов ",121128192,migration,Осмотр 1 раз в год. По итогам осмотра работы включаются в план текущего ремонта,3588894,Стены и фасад,5.1.1.1,3274964,1,0,2016,0,0,,
121128291,Уборка подвального помещения ,121128160,migration,1 раз(а) в год,2048730,Уборка,2.22,3274956,1,0,2016,0,0,,
121128292,Проверка заземления оболочки электрокабеля ,121128153,migration,,3588894,Электричество,6.12,,,0,2016,0,0,,
121128228,Устранение аварии ,121128155,migration,Незамедлительное реагирование с момента получения заявки,3588894,Авария,11.1,3274944,0,0,2016,0,0,,
121128229,Антисептирование и антиперирование ,121128181,migration,Осмотр 2 раз в год. По итогам осмотра работы включаются в план текущего ремонта,2048730,Крыши,5.40.2,3274956,2,0,2016,0,0,,
121128230,Восстановление гидроизоляции кровли ,121128181,migration,Осмотр 1 раз в год. По итогам осмотра работы включаются в план текущего ремонта,3588894,Крыши,5.40.9,3274964,1,0,2016,0,0,,
121128231,Восстановление переходов через трубопроводы ,121128181,migration,Осмотр 1 раз в год. По итогам осмотра работы включаются в план текущего ремонта,3588894,Крыши,5.40.7,3274964,1,0,2016,0,0,,
121128232,Замена элементов внутреннего водостока ,121128181,migration,Устранение по мере обнаружения дефектов,3588898,Крыши,5.40.4,3274966,0,0,2016,0,0,,
121128233,Замена элементов парапетных решеток ,121128181,migration,Устранение по мере обнаружения дефектов,3588898,Крыши,5.40.5,3274966,0,0,2016,0,0,,
121128234,Ремонт вентиляции ,121128181,migration,Устранение по мере обнаружения дефектов,3588894,Крыши,5.40.8,3274966,0,0,2016,0,0,,
121128235,Восстановление крыльца ,121128183,migration,Осмотр 1 раз в год. По итогам осмотра работы включаются в план текущего ремонта,3588894,"Лестницы, пандусы, крыльцо",5.60.5,3274964,1,0,2016,0,0,,
121128236,Замена крыльца ,121128183,migration,Осмотр 1 раз в год. По итогам осмотра работы включаются в план текущего ремонта,3588898,"Лестницы, пандусы, крыльцо",5.60.6,3274964,1,0,2016,0,0,,
121128237,Прочистка внутреннего металлического водостока от засорения ,121128171,migration,В течение 5 суток после обнаружения,3588900,Водосток,2.190.1,3274950,5,0,2016,0,0,,
121128238,Сбивание сосулек ,121128173,migration,В течение 1 суток после обнаружения,2048730,Очистка кровли,2.200.2,3274950,1,0,2016,0,0,,
121128239,Сбрасывание снега с крыш ,121128173,migration,В течение 3 часов после снегопада,2048730,Очистка кровли,2.200.1,3274972,3,0,2016,0,0,,
121128240,Частичная смена отдельных элементов ,121128180,migration,Осмотр 1 раз в год. По итогам осмотра работы включаются в план текущего ремонта,2048730,Перекрытия,5.30.1,3274964,1,0,2016,0,0,,
121128241,Дератизация ,121128148,migration,1 раз(а) в год,3588894,Дезинсекция,14.1,3274956,1,0,2016,0,0,,
121128242,Влажное подметание лестничных площадок и маршей нижних 2 этажей ,121128160,migration,1 раз(а) в день,2048730,Санитарное обслуживание,2.1,3274952,1,0,2016,0,0,,
121128243,Мытье дверей ,121128160,migration,1 раз(а) в год,3588898,Санитарное обслуживание,2.1,3274956,1,0,2016,0,0,,
121128244,Мытье плафонов на лестничных клетках ,121128160,migration,1 раз(а) в год,3588898,Санитарное обслуживание,2.9,3274956,1,0,2016,0,0,,
121128245,Мытье слаботочных устройств ,121128160,migration,1 раз(а) в год,3588898,Санитарное обслуживание,2.16,3274956,1,0,2016,0,0,,
121128246,Вывоз и обезвреживание твердых бытовых отходов ,121128146,migration,1 раз(а) в день,2048731,Мусор,3.1,3274952,1,0,2016,0,0,,
121128247,Замена и восстановление работоспособности внутридомового электрооборудования (за исключением внутриквартирных устройств и приборов) ,121128153,migration,В ходе подготовки к эксплуатации дома в осенне-зимний период,3588894,Электричество,6.22,3274961,0,0,2016,0,0,,
121128248,"Замена и восстановление работоспособности отдельных элементов системы холодного водоснабжения, при необходимости отключение и включение стояков ",121128153,migration,В ходе подготовки к эксплуатации дома в осенне-зимний период,3588894,Водоснабжение,6.19,3274961,0,0,2016,0,0,,
121128252,"Замена и восстановление центрального отопления с выполнением наладочных регулировочных работ, ликвидацией непрогревов и неисправностей в квартирах ",121128153,migration,В ходе подготовки к эксплуатации дома в осенне-зимний период,3588894,Отопление,6.18,3274961,0,0,2016,0,0,,
121128351,"Очистка кровли от мусора, грязи и листьев ",121128160,migration,2 раз(а) в год,2048730,Уборка,2.18,3274956,2,0,2016,0,0,,
121128352,Замена дверей в помещениях общего пользования ,121128182,migration,Устранение по мере обнаружения дефектов,3588898,Двери,5.50.2,3274966,,0,2016,0,0,,
121128353,"Замена и восстановление работоспособности отдельных элементов системы канализации, в том числе ликвидация засоров, за исключением внутриквартирного сантехоборудования ",121128153,migration,В ходе подготовки к эксплуатации дома в осенне-зимний период,3588894,Канализация,6.21,3274961,0,0,2016,0,0,,
121128354,Обслуживание ламп-сигналов ,121128153,migration,Круглосуточно,3588898,Свет,6.17,3274958,0,0,2016,0,0,,
121128355,Проверка исправности канализационных вытяжек ,121128153,migration,Устранение по мере обнаружения дефектов,3588898,Канализация,6.9,3274966,0,0,2016,0,0,,
121128356,Прочистка дымовентиляционных каналов ,121128153,migration,В ходе подготовки к эксплуатации дома в осенне-зимний период,3588900,Вентилляция,6.5,3274961,0,0,2016,0,0,,
121128357,Регулировка и наладка систем автоматики расширительных баков ,121128153,migration,В ходе подготовки к эксплуатации дома в осенне-зимний период,3588898,Мусоропровод,6.11,3274961,0,0,2016,0,0,,
121128358,Ремонт и утепление наружных водоразборных кранов ,121128153,migration,В ходе подготовки к эксплуатации дома в осенне-зимний период,3588898,Мусоропровод,6.6,3274961,0,0,2016,0,0,,
121128359,"Ремонт неисправностей в системах водопровода и канализации, центрального отопления и горячего водоснабжения, электротехнических устройств, вентиляционных каналов ",121128153,migration,В ходе подготовки к эксплуатации дома в осенне-зимний период,3588894,Водоснабжение,6.8,3274961,0,0,2016,0,0,,
121128360,Установка и текущий ремонт доводчиков ,121128182,migration,Устранение по мере обнаружения дефектов,3588898,Двери,5.50.5,3274966,0,0,2016,0,0,,
121128361,"Замена и восстановление работоспособности элементов пожаротушения (трубопроводов, включая ввод и стояки пожарного водопровода) ",121128151,migration,В течение 5 суток после обнаружения,3588894,Пожарная безопасность,8.3,3274950,5,0,2016,0,0,,
121128362,Ликвидация скользкости ,121128149,migration,В течение 3 часов после обнаружения,2048730,Снег,15.1,3274949,3,0,2016,0,0,,
121128363,Подметание земельного участка в летний период ,121128149,migration,1 раз(а) в день,2048730,Уборка улицы,15.1,3274952,1,0,2016,0,0,,
121128364,Полив тротуаров ,121128149,migration,1 раз(а) в сутки при температуре воздуха более 25 градусов,2048730,Уборка улицы,15.2,3274960,1,0,2016,0,0,,
121128365,"Уборка мусора с газона, очистка урн ",121128149,migration,1 раз(а) в день,2048730,Уборка улицы,15.3,3274952,1,0,2016,0,0,,
121128366,"Устранение местных деформаций, усиление, восстановление поврежденных участков входов в подвалы ",121128192,migration,Осмотр 1 раз в год. По итогам осмотра работы включаются в план текущего ремонта,3588894,Стены и фасад,5.1.1.4,3274964,1,0,2016,0,0,,
121128367,Замена домовых знаков ,121128179,migration,Осмотр 1 раз в год. По итогам осмотра работы включаются в план текущего ремонта,3588898,Стены и фасад,5.20.7,3274964,1,0,2016,0,0,,
121128373,Восстановление домовых знаков и уличных указателей ,121128179,migration,Устранение по мере обнаружения дефектов,3588898,Стены и фасад,5.20.9,3274966,0,0,2016,0,0,,
128691187,"Ремонт общедомовых приборов учета горячего и холодного водоснабжения, отопления, электроснабжения",128681532,migration,В ходе подготовки к эксплуатации дома в осенне-зимний период,3588898,Стены и фасад,115,3274961,,0,2999,0,0,226721519,226721638
128691188,Обслуживание ламп-сигналов,128681532,migration,Круглосуточно,3588898,Электричество,116,3274958,,0,2999,0,0,226721519,226721614
128691189,"Замена и восстановление отдельных элементов системы отопления с выполнением наладочных регулировочных работ, ликвидацией непрогревов и неисправностей в квартирах",128681532,migration,В ходе подготовки к эксплуатации дома в осенне-зимний период,3588894,Свет,117,3274961,,0,2999,0,0,226721519,226721640
128691190,"Замена и восстановление отдельных элементов системы холодного водоснабжения, при необходимости отключение и включение стояков",128681532,migration,В ходе подготовки к эксплуатации дома в осенне-зимний период,3588894,Отопление,118,3274961,,0,2999,0,0,226721519,226721642
128691191,"Замена и восстановление отдельных элементов системы горячего водоснабжения, при необходимости отключение и включение стояков",128681532,migration,В ходе подготовки к эксплуатации дома в осенне-зимний период,3588894,Водоснабжение,119,3274961,,0,2999,0,0,226721519,226721641
128691192,"Замена и восстановление отдельных элементов системы канализации, в том числе ликвидация засоров, за исключением внутриквартирного сантехоборудования",128681532,migration,В ходе подготовки к эксплуатации дома в осенне-зимний период,3588894,Водоснабжение,120,3274961,,0,2999,0,0,226721519,226721643
128691193,Замена и восстановление отдельных элементов внутридомового электрооборудования (за исключением внутриквартирных устройств и приборов),128681532,migration,В ходе подготовки к эксплуатации дома в осенне-зимний период,3588894,Канализация,121,3274961,,0,2999,0,0,226721519,226721639
128691194,Гидропневматическая очистка системы отопления,128681532,migration,-,101850304,Электричество,122,,,0,2999,0,0,226721519,226721640
128691195,Обслуживание и ремонт АУУТЭ,128681532,migration,-,3588898,Водоснабжение,123,,,0,2999,0,0,226721519,226721612
128691196,Обслуживание и ремонт АСКУЭ,128681532,migration,-,3588898,Водоснабжение,124,,,0,2999,0,0,226721519,226721612
128691197,Обслуживание и ремонт насосных пунктов,128681532,migration,-,3588898,Водоснабжение,125,,,0,2999,0,0,226721519,226721614
128691198,Обслуживание и ремонт тепловых пунктов,128681532,migration,-,3588898,Отопление,126,,,0,2999,0,0,226721519,226721621
128691199,Обслуживание и ремонт крышных газовых котельных,128681532,migration,-,3588898,Крыши,127,,,0,2999,0,0,226721519,226721640
128691200,"Ремонт электрооборудования (эл. щитков, замена АВР (аварийное включение резерва) и др. работы)",128681532,migration,-,3588898,Электричество,128,,,0,2999,0,0,226721519,226721639
128691201,Техническое обслуживание светильников дежурного освещения,128681532,migration,-,3588898,Свет,129,,,0,2999,0,0,226721519,226721639
128691202,"Иное (Работы по содержанию и ремонту оборудования и систем инженерно-технического обеспечения, входящих в состав общего имущества в многоквартирном доме)",128681532,migration,-,,Техническое обслуживание,130,,,0,2999,0,0,226721519,226721614
128691203,"Восстановление работоспособности вентиляционных и промывочных устройств, мусороприемных клапанов и шиберных устройств",128681533,migration,-,3588894,Вентилляция,132,,,0,2999,0,0,226721549,226721635
128691204,Профилактический осмотр мусоропроводов,128681533,migration,-,3588898,Вентилляция,133,,,0,2999,0,0,226721549,226721635
128691205,Видеодиагностика внутренней поверхности асбестоцементных стволов мусоропровода,128681533,migration,-,3588900,Мусоропровод,134,,,0,2999,0,0,226721549,226721635
128691206,Уборка загрузочных клапанов мусоропровода,128681533,migration,-,3588898,Мусоропровод,135,,,0,2999,0,0,226721549,226721635
128691207,Мойка сменных мусоросборников,128681533,migration,-,3588898,Мусоропровод,136,,,0,2999,0,0,226721549,226721635
128691208,Мойка нижней части ствола и шибера мусоропровода,128681533,migration,-,3588898,Мусоропровод,137,,,0,2999,0,0,226721549,226721635
128691209,Очистка и дезинфекция всех элементов ствола мусоропровода,128681533,migration,-,3588900,Мусоропровод,138,,,0,2999,0,0,226721549,226721635
128691210,Дезинфекция мусоросборников,128681533,migration,-,101850304,Мусоропровод,139,,,0,2999,0,0,226721549,226721635
128691211,Устранение засора,128681533,migration,-,101850304,Мусоропровод,140,,,0,2999,0,0,226721549,226721635
128691212,Мелкий ремонт неисправностей мусоропровода,128681533,migration,-,3588898,Мусоропровод,141,,,0,2999,0,0,226721549,226721635
128691213,Иное (Работы по содержанию и ремонту мусоропроводов в многоквартирном доме),128681533,migration,-,,Мусоропровод,142,,,0,2999,0,0,226721549,226721635
128691214,Обслуживание лифтов и лифтового оборудования,128681534,migration,Круглосуточно,3588898,Мусоропровод,144,3274958,,0,2999,0,0,226721561,226721637
128691215,Организация системы диспетчерского контроля и обеспечение диспетчерской связи с кабиной лифта,128681534,migration,-,101850304,Лифт,145,,,0,2999,0,0,226721561,226721621
128691216,Иное (Работы по содержанию и ремонту лифта (лифтов) в многоквартирном доме),128681534,migration,-,,Лифт,146,,,0,2999,0,0,226721561,226721637
128691217,Осмотр пожарной сигнализации и средств пожаротушения ,128681535,migration,-,3588898,Лифт,148,,,0,2999,0,0,226721565,226721614
128691218,Обслуживание систем дымоудаления и противопожарной автоматики,128681535,migration,1 раз(а) в месяц,3588898,Пожарная безопасность,149,3274953,1,0,2999,0,0,226721565,226721646
128691219,"Замена и восстановление работоспособности элементов пожаротушения (трубопроводов, включая ввод и стояки пожарного водопровода)",128681535,migration,В течение 5 суток после обнаружения,3588898,Пожарная безопасность,150,3274950,5,0,2999,0,0,226721565,226721621
128691220,Иное (Работы по обеспечению требований пожарной безопасности),128681535,migration,-,,Пожарная безопасность,151,,,0,2999,0,0,226721565,226721614
128691221,"Проверка наличия тяги в дымоходах, вентиляционных каналах",128681536,migration,-,3588898,Пожарная безопасность,153,,,0,2999,0,0,226721570,226721645
128691222,Регулировка и наладка систем вентиляции,128681536,migration,-,101850304,Вентилляция,154,,,0,2999,0,0,226721570,226721645
128691223,Замена и восстановление работоспособности отдельных общедомовых элементов,128681536,migration,-,3588894,Вентилляция,155,,,0,2999,0,0,226721570,226721645
128691224,Иное (Работы по содержанию и ремонту систем вентиляции),128681536,migration,-,,Вентилляция,156,,,0,2999,0,0,226721570,226721645
128691225,Проверка состояния системы внутридомового газового оборудования и ее отдельных элементов,128681537,migration,-,3588898,Вентилляция,158,,,0,2999,0,0,226721575,226721644
128691226,Замена и восстановление работоспособности отдельных элементов системы внутридомового газового оборудования,128681537,migration,-,3588898,Газ,159,,,0,2999,0,0,226721575,226721644
128691227,Иное (Работы по содержанию и ремонту систем внутридомового газового оборудования),128681537,migration,-,,Газ,160,,,0,2999,0,0,226721575,226721644
128691228,Устранение аварии,128681538,migration,Незамедлительное реагирование с момента получения заявки,3588894,Газ,162,3274944,,0,2999,0,0,226721579,226721614
128691229,Выполнение заявок населения,128681538,migration,Незамедлительное реагирование с момента получения заявки,101850304,Авария,163,3274944,,0,2999,0,0,226721579,226721614
128691230,Иное (Обеспечение устранения аварий на внутридомовых инженерных системах в многоквартирном доме),128681538,migration,-,,Авария,164,,,0,2999,0,0,226721579,226721614
128691231,Дератизация,128681541,migration,1 раз(а) в год,2048730,Авария,168,3274956,1,0,2999,0,0,226721585,226721621
128691232,Дезинсекция,128681541,migration,-,2048730,Дезинсекция,169,,,0,2999,0,0,226721585,226721621
128691233,Техническая инвентаризация,128681542,migration,-,101850304,Дезинсекция,171,,,0,2999,0,0,226721588,226721604
128691234,Техническое обслуживание систем дистанционного снятия показаний индивидуальных приборов учета (водопотребления и электроэнергии),128681542,migration,-,3588898,Техническое обслуживание,172,,,0,2999,0,0,226721588,226721638
128691235,Иное (Прочие работы и услуги по содержанию и ремонту общего имущества в многоквартирном доме),128681542,migration,-,,Счетчики,173,,,0,2999,0,0,226721588,226721604
128691236,Подметание земельного участка в летний период,128681543,migration,1 раз(а) в день,2048730,Уборка улицы,175,3274952,1,0,2999,0,0,226721592,226721625
128691237,Полив тротуаров,128681543,migration,1 раз(а) в сутки при температуре воздуха более 25 градусов,2048730,Уборка улицы,176,3274960,1,0,2999,0,0,226721592,226721625
128691238,"Уборка мусора с газона, очистка урн",128681543,migration,1 раз(а) в день,2048730,Уборка улицы,177,3274952,1,0,2999,0,0,226721592,226721625
128691239,Уборка мусора на контейнерных площадках,128681543,migration,-,2048730,Мусор,178,,,0,2999,0,0,226721592,226721625
128691240,Полив газонов,128681543,migration,-,2048730,Мусор,179,,,0,2999,0,0,226721592,226721606
128691241,Стрижка газонов,128681543,migration,-,2048730,Благоустройство двора,180,,,0,2999,0,0,226721592,226721606
128691242,Подрезка деревьев и кустов,128681543,migration,1 раз(а) в год,3588898,Благоустройство двора,181,3274956,1,0,2999,0,0,226721592,226721606
128691243,"Очистка и ремонт детских и спортивных площадок, элементов благоустройства",128681543,migration,В ходе подготовки к эксплуатации дома в весенне-летний период,3588898,Благоустройство двора,182,3274963,,0,2999,0,0,226721592,226721625
128691244,Сдвижка и подметание снега,128681543,migration,В течение 3 часов после обнаружения,2048730,Благоустройство двора,183,3274949,3,0,2999,0,0,226721592,226721625
128691245,Ликвидация скользкости,128681543,migration,В течение 3 часов после обнаружения,2048730,Снег,184,3274949,3,0,2999,0,0,226721592,226721625
128691246,"Иное (Работы по содержанию земельного участка с элементами озеленения и благоустройства, иными объектами, предназначенными для обслуживания и эксплуатации многоквартирного дома)",128681543,migration,-,,Снег,185,,,0,2999,0,0,226721592,226721625
128691247,Влажное подметание лестничных площадок и маршей нижних 2 этажей,128681545,migration,1 раз(а) в день,2048730,Благоустройство двора,3,3274952,1,0,2999,0,0,226721420,226721662
128691248,Влажное подметание лестничных площадок и маршей выше 2-го этажа,128681545,migration,1 раз(а) в неделю,2048730,Уборка,4,3274970,1,0,2999,0,0,226721420,226721662
128691249,Влажное подметание места перед загрузочными клапанами мусоропроводов,128681545,migration,1 раз(а) в неделю,2048730,Уборка,5,3274970,1,0,2999,0,0,226721420,226721635
128691250,Уборка загрузочных клапанов мусоропровода,128681545,migration,1 раз(а) в неделю,2048730,Уборка,6,3274970,1,0,2999,0,0,226721420,226721635
128691251,Мытье пола кабины лифта,128681545,migration,1 раз(а) в день,2048730,Мусоропровод,7,3274952,1,0,2999,0,0,226721420,226721637
128691252,Мытье лестничных площадок и маршей нижних 2-х этажей,128683825,migration,-,2048730,Уборка,9,,,0,2999,0,0,226721426,226721662
128691253,Мытье лестничных площадок и маршей выше 2-го этажа,128683825,migration,-,2048730,Уборка,10,,,0,2999,0,0,226721426,226721662
128691254,Мытье окон,128681545,migration,1 раз(а) в год,3588898,Уборка,11,3274956,1,0,2999,0,0,226721420,226721628
128691255,Влажная протирка стен на лестничных клетках,128683826,migration,1 раз(а) в год,2048730,Уборка,13,3274956,1,0,2999,0,0,226721430,226721609
128691256,Влажная протирка плафонов на лестничных клетках,128683826,migration,1 раз(а) в год,3588898,Уборка,14,3274956,1,0,2999,0,0,226721430,226721639
128691257,Влажная протирка дверных полотен на лестничных клетках,128683826,migration,1 раз(а) в год,3588898,Уборка,15,3274956,1,0,2999,0,0,226721430,226721632
128691258,Влажная протирка подоконников,128683826,migration,2 раза в год,3588898,Уборка,16,3274956,2,0,2999,0,0,226721430,226721621
128691259,Влажная протирка оконных решеток,128683826,migration,1 раз(а) в год,3588898,Уборка,17,3274956,1,0,2999,0,0,226721430,226721628
128691260,Влажная протирка чердачных лестниц,128683826,migration,1 раз(а) в год,2048730,Уборка,18,3274956,1,0,2999,0,0,226721430,226721656
128691261,Влажная протирка отопительных приборов,128683826,migration,2 раза в год,3588898,Уборка,19,3274956,2,0,2999,0,0,226721430,226721621
128691262,"Влажная протирка шкафов для электросчетчиков, слаботочных устройств",128683826,migration,1 раз(а) в год,3588898,Уборка,20,3274956,1,0,2999,0,0,226721430,226721621
128691263,Влажная протирка почтовых ящиков,128683826,migration,1 раз(а) в год,3588898,Уборка,21,3274956,1,0,2999,0,0,226721430,226721621
128691264,"Влажная протирка стен, дверей кабины лифта",128683826,migration,1 раз(а) в год,2048730,Уборка,22,3274956,1,0,2999,0,0,226721430,226721637
128691265,Очистка кровли и ее элементов (в том числе козырьков над подъездами) от мусора и листьев,128683827,migration,2 раз(а) в год,2048730,Уборка,24,3274956,2,0,2999,0,0,226721441,226721610
128691266,Очистка кровли от снега,128683827,migration,В течение 3 часов после снегопада,2048730,Очистка кровли,25,3274972,3,0,2999,0,0,226721441,226721610
128691267,Очистка кровли от снега и наледеобразований,128683827,migration,-,2048730,Очистка кровли,26,,,0,2999,0,0,226721441,226721610
128691268,Смена частей водосточных труб,128683828,migration,-,3588900,Очистка кровли,28,,,0,2999,0,0,226721445,226721647
128691269,Прочистка водоприемной воронки внутреннего водостока,128683828,migration,В течение 5 суток после обнаружения,3588898,Водосток,29,3274950,5,0,2999,0,0,226721445,226721647
128691270,Очистка подвалов и чердаков от мусора,128681545,migration,1 раз(а) в год,2048730,Водосток,30,3274956,1,0,2999,0,0,226721420,226721621
128691271,Уборка мусороприемной камеры ,128681545,migration,-,2048730,"Чердаки, подвалы",31,,,0,2999,0,0,226721420,226721635
128691272,"Ремонт почтовых ящиков, установка, смена замка",128681545,migration,В течении 1 суток с момента получения заявки,3588898,Мусоропровод,32,3274947,1,0,2999,0,0,226721420,226721621
128691273,"Иное (Работы по содержанию помещений, входящих в состав общего имущества в многоквартирном доме)",128681545,migration,-,,Почтовые ящики,33,,,0,2999,0,0,226721420,226721621
128691274,Удаление мусора из мусороприемных камер,128681546,migration,-,,Мусор,35,,,0,2999,0,0,226721452,226721635
128691275,Иное (Работы по обеспечению вывоза твердых бытовых отходов),128681546,migration,-,,Мусоропровод,36,,,0,2999,0,0,226721452,226721604
128691276,Восстановление поврежденных участков фундаментов,128683822,migration,Осмотр 1 раз в год. По итогам осмотра работы включаются в план текущего ремонта,2048730,Мусор,40,3274964,1,0,2999,0,0,226721457,226721630
128691277,Восстановление гидроизоляции и систем водоотвода фундаментов ,128683822,migration,-,3588894,Фундамент,41,,,0,2999,0,0,226721457,226721630
128691278,Восстановление поврежденных участков вентиляционных продухов,128683822,migration,Осмотр 1 раз в год. По итогам осмотра работы включаются в план текущего ремонта,3588894,Вентилляция,42,3274964,1,0,2999,0,0,226721457,226721630
128691279,Восстановление поврежденных участков входов в подвалы,128683822,migration,Осмотр 1 раз в год. По итогам осмотра работы включаются в план текущего ремонта,3588894,"Чердаки, подвалы",43,3274964,1,0,2999,0,0,226721457,226721630
128691280,Иное (Фундамент),128683822,migration,-,,"Чердаки, подвалы",44,,,0,2999,0,0,226721457,226721630
128691126,Герметизация стыков стен и фасадов,128683823,migration,Осмотр 1 раз в год. По итогам осмотра работы включаются в план текущего ремонта,3588900,Стены и фасад,46,3274964,1,0,2999,0,0,226721463,226721605
128691127,Заделка и восстановление архитектурных элементов,128683823,migration,Осмотр 1 раз в год. По итогам осмотра работы включаются в план текущего ремонта,3588894,Стены и фасад,47,3274964,1,0,2999,0,0,226721463,226721627
128691128,Ремонт штукатурки гладких фасадов,128683823,migration,Осмотр 1 раз в год. По итогам осмотра работы включаются в план текущего ремонта,2048730,Стены и фасад,48,3274964,1,0,2999,0,0,226721463,226721627
128691129,"Окраска, промывка фасадов",128683823,migration,Осмотр 1 раз в год. По итогам осмотра работы включаются в план текущего ремонта,2048730,Стены и фасад,49,3274964,1,0,2999,0,0,226721463,226721627
128691130,Восстановление поврежденных участков цоколей,128683823,migration,Устранение по мере обнаружения дефектов,2048730,Стены и фасад,50,3274966,,0,2999,0,0,226721463,226721621
128691131,"Окраска, промывка цоколей",128683823,migration,Осмотр 1 раз в год. По итогам осмотра работы включаются в план текущего ремонта,2048730,Стены и фасад,51,3274964,1,0,2999,0,0,226721463,226721621
128691132,Смена пластмассового короба домового знака или уличного указателя,128683823,migration,Осмотр 1 раз в год. По итогам осмотра работы включаются в план текущего ремонта,3588898,Стены и фасад,52,3274964,1,0,2999,0,0,226721463,226721636
128691133,Восстановление гидроизоляции между цокольной частью здания и стенами,128683823,migration,Осмотр 1 раз в год. По итогам осмотра работы включаются в план текущего ремонта,2048730,Стены и фасад,53,3274964,1,0,2999,0,0,226721463,226721621
128691134,Иное (Стены и фасад),128683823,migration,-,,Стены и фасад,54,,,0,2999,0,0,226721463,226721605
128691135,Частичная смена отдельных деревянных элементов,128683816,migration,Осмотр 1 раз в год. По итогам осмотра работы включаются в план текущего ремонта,2048730,Стены и фасад,56,3274964,1,0,2999,0,0,226721473,226721617
128691136,Заделка швов и трещин,128683816,migration,Осмотр 1 раз в год. По итогам осмотра работы включаются в план текущего ремонта,3588900,Стены и фасад,57,3274964,1,0,2999,0,0,226721473,226721617
128691137,Укрепление и окраска,128683816,migration,Осмотр 1 раз в год. По итогам осмотра работы включаются в план текущего ремонта,2048730,Стены и фасад,58,3274964,1,0,2999,0,0,226721473,226721617
128691138,Иное (Перекрытия),128683816,migration,-,,Перекрытия,59,,,0,2999,0,0,226721473,226721617
128691139,Усиление элементов деревянной стропильной системы,128683817,migration,Осмотр 2 раз в год. По итогам осмотра работы включаются в план текущего ремонта,3588898,Перекрытия,61,3274964,2,0,2999,0,0,226721478,226721631
128691140,"Устранение неисправностей и ремонт стальных, асбестоцементных и других кровельных покрытий",128683817,migration,Осмотр 2 раз в год. По итогам осмотра работы включаются в план текущего ремонта,2048730,Стены и фасад,62,3274964,2,0,2999,0,0,226721478,226721605
128691141,Разборка и ремонт кровли из рулонных материалов,128683817,migration,Осмотр 2 раз в год. По итогам осмотра работы включаются в план текущего ремонта,2048730,Крыши,63,3274964,2,0,2999,0,0,226721478,226721610
128691142,Ремонт частей водосточных труб,128684268,migration,Осмотр 1 раз в год. По итогам осмотра работы включаются в план текущего ремонта,3588900,Водосток,65,3274964,1,0,2999,0,0,226721482,226721647
128691143,Ремонт металлической парапетной решетки,128684268,migration,Устранение по мере обнаружения дефектов,2048730,"Лестницы, пандусы, крыльцо",66,3274966,,0,2999,0,0,226721482,226721605
128691144,Окраска конструкций и элементов крыши,128683817,migration,-,2048730,Крыши,67,,,0,2999,0,0,226721478,226721605
128691145,Иное (Крыши),128683817,migration,-,,Крыши,68,,,0,2999,0,0,226721478,226721605
128691146,Ремонт дверей в помещениях общего пользования,128683818,migration,Устранение по мере обнаружения дефектов,3588898,Двери,70,3274966,,0,2999,0,0,226721487,226721632
128691147,Замена дверей в помещениях общего пользования,128683818,migration,Устранение по мере обнаружения дефектов,3588898,Двери,71,3274966,,0,2999,0,0,226721487,226721632
128691148,Ремонт или замена входных дверей в подъезды,128683818,migration,-,3588898,Двери,72,,,0,2999,0,0,226721487,226721621
128691149,Ремонт окон в помещениях общего пользования,128683818,migration,Устранение по мере обнаружения дефектов,3588898,Окна,73,3274966,,0,2999,0,0,226721487,226721628
128691150,Замена окон в помещениях общего пользования,128683818,migration,Устранение по мере обнаружения дефектов,3588898,Окна,74,3274966,,0,2999,0,0,226721487,226721628
128691151,Установка и текущий ремонт доводчиков,128683818,migration,Устранение по мере обнаружения дефектов,3588898,Двери,75,3274966,,0,2999,0,0,226721487,226721632
128691152,"Иное (Оконные и дверные заполнения на лестничных клетках и во вспомогательных помещениях общего пользования, входные двери)",128683818,migration,-,,Окна,76,,,0,2999,0,0,226721487,226721621
128691153,Восстановление лестницы,128683819,migration,Осмотр 1 раз в год. По итогам осмотра работы включаются в план текущего ремонта,2048730,"Лестницы, пандусы, крыльцо",78,3274964,1,0,2999,0,0,226721495,226721662
128691154,Замена лестницы,128683819,migration,Осмотр 1 раз в год. По итогам осмотра работы включаются в план текущего ремонта,3588898,"Лестницы, пандусы, крыльцо",79,3274964,1,0,2999,0,0,226721495,226721662
128691155,Восстановление пандуса,128683819,migration,Осмотр 1 раз в год. По итогам осмотра работы включаются в план текущего ремонта,3588898,"Лестницы, пандусы, крыльцо",80,3274964,1,0,2999,0,0,226721495,226721621
128691156,Замена пандуса,128683819,migration,Осмотр 1 раз в год. По итогам осмотра работы включаются в план текущего ремонта,3588898,"Лестницы, пандусы, крыльцо",81,3274964,1,0,2999,0,0,226721495,226721621
128691157,Восстановление крыльца,128683819,migration,Осмотр 1 раз в год. По итогам осмотра работы включаются в план текущего ремонта,3588898,"Лестницы, пандусы, крыльцо",82,3274964,1,0,2999,0,0,226721495,226721621
128691158,Замена крыльца,128683819,migration,Осмотр 1 раз в год. По итогам осмотра работы включаются в план текущего ремонта,3588898,"Лестницы, пандусы, крыльцо",83,3274964,1,0,2999,0,0,226721495,226721621
128691159,"Восстановление козырьков над входами в подъезды, ремонт кровельного покрытия козырьков, ложных балконов",128683819,migration,Осмотр 1 раз в год. По итогам осмотра работы включаются в план текущего ремонта,3588898,"Лестницы, пандусы, крыльцо",84,3274964,1,0,2999,0,0,226721495,226721621
128691160,Замена козырьков над входами в подъезды,128683819,migration,Осмотр 1 раз в год. По итогам осмотра работы включаются в план текущего ремонта,3588898,"Лестницы, пандусы, крыльцо",85,3274964,1,0,2999,0,0,226721495,226721621
128691161,Восстановление конструкций над балконами верхних этажей,128683819,migration,Осмотр 1 раз в год. По итогам осмотра работы включаются в план текущего ремонта,3588898,Стены и фасад,86,3274964,1,0,2999,0,0,226721495,226721621
128691162,Замена конструкций над балконами верхних этажей,128683819,migration,Осмотр 1 раз в год. По итогам осмотра работы включаются в план текущего ремонта,3588898,Стены и фасад,87,3274964,1,0,2999,0,0,226721495,226721621
128691163,"Ремонт полов (на лестницах, чердаках, в холлах и подвалах)",128683819,migration,-,2048730,"Чердаки, подвалы",88,,,0,2999,0,0,226721495,226721621
128691164,"Иное (Лестницы, пандусы, крыльца, козырьки над входами в подъезды, подвалы и над балконами верхних этажей)",128683819,migration,-,,"Лестницы, пандусы, крыльцо",89,,,0,2999,0,0,226721495,226721605
128691165,Восстановление отделки стен,128683820,migration,-,2048730,Клетка,91,,,0,2999,0,0,226721508,226721609
128691166,Восстановление отделки потолков,128683820,migration,-,2048730,Клетка,92,,,0,2999,0,0,226721508,226721608
128691167,Ремонт лестничных клеток,128683820,migration,Осмотр 1 раз в год. По итогам осмотра работы включаются в план текущего ремонта,2048730,Клетка,93,3274964,1,0,2999,0,0,226721508,226721663
128691168,Ремонт технических и вспомогательных помещений,128683820,migration,Осмотр 1 раз в год. По итогам осмотра работы включаются в план текущего ремонта,2048730,Клетка,94,3274964,1,0,2999,0,0,226721508,226721621
128691169,Утепление чердачных перекрытий,128683821,migration,В ходе подготовки к эксплуатации дома в осенне-зимний период,2048730,"Чердаки, подвалы",96,3274961,,0,2999,0,0,226721513,226721656
128691170,Утепление трубопроводов в чердачных помещениях,128683821,migration,В ходе подготовки к эксплуатации дома в осенне-зимний период,3588900,"Чердаки, подвалы",97,3274961,,0,2999,0,0,226721513,226721614
128691171,Утепление трубопроводов в подвальных помещениях,128683821,migration,В ходе подготовки к эксплуатации дома в осенне-зимний период,3588900,"Чердаки, подвалы",98,3274961,,0,2999,0,0,226721513,226721614
128691172,"Изготовление новых или ремонт существующих ходовых досок и переходных мостиков на чердаках, в подвалах",128683821,migration,Устранение по мере обнаружения дефектов,2048730,"Чердаки, подвалы",99,3274966,,0,2999,0,0,226721513,226721621
128691173,"Иное (Ремонт чердаков, подвалов)",128683821,migration,-,,"Чердаки, подвалы",100,,,0,2999,0,0,226721513,226721621
128691174,Консервация (расконсервация) поливочной системы,128681532,migration,-,3588894,Благоустройство двора,102,,,0,2999,0,0,226721519,226721614
128691175,"Ремонт, регулировка, промывка и опрессовка систем центрального отопления, утепление бойлеров",128681532,migration,В ходе подготовки к эксплуатации дома в осенне-зимний период,3588894,Отопление,103,3274961,,0,2999,0,0,226721519,226721640
128691176,Утепление вентиляционных и дымовых каналов,128681532,migration,В ходе подготовки к эксплуатации дома в осенне-зимний период,3588898,Вентилляция,104,3274961,,0,2999,0,0,226721519,226721645
128691177,Прочистка вентиляционных и дымовых каналов,128681532,migration,В ходе подготовки к эксплуатации дома в осенне-зимний период,3588898,Вентилляция,105,3274961,,0,2999,0,0,226721519,226721645
128691178,Ремонт и утепление наружных водоразборных кранов,128681532,migration,В ходе подготовки к эксплуатации дома в осенне-зимний период,3588894,Водоснабжение,106,3274961,,0,2999,0,0,226721519,226721614
128691179,"Проведение технических осмотров систем водопровода и канализации, центрального отопления и горячего водоснабжения, электротехнических устройств, вентиляционных каналов",128681532,migration,В ходе подготовки к эксплуатации дома в осенне-зимний период,3588894,Канализация,107,3274961,,0,2999,0,0,226721519,226721614
128691180,"Устранение неисправностей в системах водопровода и канализации, центрального отопления и горячего водоснабжения, электротехнических устройств, вентиляционных и дымовых каналов",128681532,migration,В ходе подготовки к эксплуатации дома в осенне-зимний период,3588894,Канализация,108,3274961,,0,2999,0,0,226721519,226721614
128691181,Проверка исправности канализационных вытяжек,128681532,migration,Устранение по мере обнаружения дефектов,3588898,Канализация,109,3274966,,0,2999,0,0,226721519,226721643
128691182,Устранение засора внутреннего канализационного трубопровода,128681532,migration,-,101850304,Канализация,110,,,0,2999,0,0,226721519,226721643
128691183,Регулировка и наладка систем автоматики расширительных баков,128681532,migration,В ходе подготовки к эксплуатации дома в осенне-зимний период,3588894,Мусоропровод,111,3274961,,0,2999,0,0,226721519,226721621
128691184,"Проверка заземления оболочки электрокабеля, оборудования (насосы, щитовые вентиляторы и др.)",128681532,migration,-,3588894,Электричество,112,,,0,2999,0,0,226721519,226721639
128691185,"Замеры сопротивления изоляции проводов, трубопроводов и восстановление цепей заземления",128681532,migration,-,3588894,Электричество,113,,,0,2999,0,0,226721519,226721639
128691186,"Поверка общедомовых приборов учета горячего и холодного водоснабжения, отопления, электроснабжения",128681532,migration,В ходе подготовки к эксплуатации дома в осенне-зимний период,3588898,Счетчики,114,3274961,,0,2999,0,0,226721519,226721638
226721419,Работы (услуги) по управлению многоквартирным домом,128681544,migration,,,Техническое обслуживание,1,,,0,2999,0,0,,226721604
226721420,"Работы по содержанию помещений, входящих в состав общего имущества в многоквартирном доме",128681545,migration,,,Техническое обслуживание,2,,,0,2999,0,0,,226721621
226721426,Мытье лестничных площадок и маршей,128681545,migration,,,Уборка,8,,,0,2999,0,0,226721420,226721621
226721430,Влажная протирка,128681545,migration,,,Уборка,12,,,0,2999,0,0,226721420,226721621
226721441,Очистка кровли,128681545,migration,,,Крыши,23,,,0,2999,0,0,226721420,226721605
226721445,Смена частей водосточных труб и прочистка внутреннего водостока,128681545,migration,,,Водосток,27,,,0,2999,0,0,226721420,226721614
226721452,Работы по обеспечению вывоза твердых бытовых отходов,128681546,migration,,,Мусор,34,,,0,2999,0,0,,226721604
226721455,Работы по обеспечению вывоза крупногабаритного мусора,128681547,migration,,,Мусор,37,,,0,2999,0,0,,226721604
226721456,Работы по содержанию и ремонту конструктивных элементов (несущих и ненесущих конструкций) многоквартирных домов,128681548,migration,,,Мусор,38,,,0,2999,0,0,,226721605
226721457,Фундамент,128681548,migration,,,Фундамент,39,,,0,2999,0,0,226721456,226721605
226721463,Стены и фасад,128681548,migration,,,Стены и фасад,45,,,0,2999,0,0,226721456,226721605
226721473,Перекрытия,128681548,migration,,,Перекрытия,55,,,0,2999,0,0,226721456,226721605
226721478,Крыши,128681548,migration,,,Крыши,60,,,0,2999,0,0,226721456,226721605
226721482,Ремонт конструкций и элементов крыши,128681548,migration,,,Крыши,64,,,0,2999,0,0,226721478,226721605
226721487,"Оконные и дверные заполнения на лестничных клетках и во вспомогательных помещениях общего пользования, входные двери",128681548,migration,,,Окна,69,,,0,2999,0,0,226721456,226721621
226721495,"Лестницы, пандусы, крыльца, козырьки над входами в подъезды, подвалы и над балконами верхних этажей",128681548,migration,,,"Лестницы, пандусы, крыльцо",77,,,0,2999,0,0,226721456,226721605
226721508,"Внутренняя отделка в подъездах, технических помещениях, и других помещениях общего пользования",128681548,migration,,,Клетка,90,,,0,2999,0,0,226721456,226721621
226721513,"Ремонт чердаков, подвалов",128681548,migration,,,"Чердаки, подвалы",95,,,0,2999,0,0,226721456,226721621
226721519,"Работы по содержанию и ремонту оборудования и систем инженерно-технического обеспечения, входящих в состав общего имущества в многоквартирном доме",128681532,migration,,,Клетка,101,,,0,2999,0,0,,226721614
226721549,Работы по содержанию и ремонту мусоропроводов в многоквартирном доме,128681533,migration,,,Мусоропровод,131,,,0,2999,0,0,,226721635
226721561,Работы по содержанию и ремонту лифта (лифтов) в многоквартирном доме,128681534,migration,,,Лифт,143,,,0,2999,0,0,,226721637
226721565,Работы по обеспечению требований пожарной безопасности,128681535,migration,,,Пожарная безопасность,147,,,0,2999,0,0,,226721604
226721570,Работы по содержанию и ремонту систем вентиляции,128681536,migration,,,Вентилляция,152,,,0,2999,0,0,,226721645
226721575,Работы по содержанию и ремонту систем внутридомового газового оборудования,128681537,migration,,,Газ,157,,,0,2999,0,0,,226721644
226721579,Обеспечение устранения аварий на внутридомовых инженерных системах в многоквартирном доме,128681538,migration,,,Авария,161,,,0,2999,0,0,,226721614
226721583,"Расход электроэнергии, потребленной на дежурное освещение мест общего пользования и работу лифтов (общедомовые нужды)",128681539,migration,,,Электричество,165,,,0,2999,0,0,,226721639
226721584,Расход воды на общедомовые нужды,128681540,migration,,,Водоснабжение,166,,,0,2999,0,0,,226721614
226721585,"Проведение дератизации и дезинсекции помещений, входящих в состав общего имущества в многоквартирном доме",128681541,migration,,,Дезинсекция,167,,,0,2999,0,0,,226721621
226721588,Прочие работы и услуги по содержанию и ремонту общего имущества в многоквартирном доме,128681542,migration,,,Техническое обслуживание,170,,,0,2999,0,0,,226721604
226721592,"Работы по содержанию земельного участка с элементами озеленения и благоустройства, иными объектами, предназначенными для обслуживания и эксплуатации многоквартирного дома",128681543,migration,,,Благоустройство двора,174,,,0,2999,0,0,,226721625
